GeneA	GeneB	MEScore
NRXN1	PDZD2	3.445223163532085
CTNNB1	RHOA	3.318156838839072
CTNNB1	VCAN	3.0
PIK3CA	RHOA	4.203160950509568
CDH1	RHOA	3.79128784747792
CDH1	PIK3CA	5.037790283478967
PIK3CA	VAV2	0.0
TP53	APC	6.470690726025795
VAV2	RHOA	0.0
APC	CTNNB1	3.5647948791337516
CDH1	CTNNB1	3.720791417188655
APC	MACF1	3.9533569544926515
NRXN1	MACF1	3.732050807568877
NRXN1	SIPA1L1	3.445223163532085
TP53	VCAN	6.232112384114087
NRXN1	MYO16	3.3844284683411257
