GeneA	GeneB	MEScore
TP53	EGFR	10.357893295038059
TP53	APC	9.926651238479435
APC	MACF1	4.6090186778124504
NRXN1	MACF1	5.260683827334365
TP53	NLRC4	9.98746237782184
