GeneA	GeneB	MEScore
PIK3CA	MTOR	4.273721233651441
PIK3CA	VAV2	0.0
TP53	APC	2.6389584337646843
APC	MACF1	2.883057266569289
NRXN1	MACF1	2.776346383927595
