GeneA	GeneB	MEScore
CTNNB1	VCAN	5.309176063911719
EGFR	ERBB2	6.480219287100317
TP53	EGFR	9.854949993280487
TP53	APC	9.365459931328118
APC	CTNNB1	4.376683172978745
APC	MACF1	5.359416465650131
NRXN1	MACF1	5.952178177603001
NRXN1	SIPA1L1	4.990684254330653
TP53	VCAN	9.349736490960122
CTNNB1	EGFR	6.062177826491071
NRXN1	MYO16	5.571483993531373
